Workbook

Sheet Read Me
B2: Judgment Content Analysis · Dataset template
B4: How to use this file
B5: 1. Fill the Team sheet.
B6: 2. In the Data sheet, enter one row per judgment starting at row 6. Row 5 is a made-up example showing the format; leave it as it is.
B7: 3. Pale yellow cells are yours to fill. Dropdown columns accept only the listed values (see the Vocabularies sheet). Do not add, delete or reorder columns.
B8: 4. When done, rename this file data.xlsx. Also save the Data sheet as data.csv (File > Save As > CSV). Upload both to your GitHub repository.
B9: 5. Read the Option 2 Guide for the column meanings, the charts, GitHub steps and the README.

Sheet Team
B2: Team information
B4: Topic | C4: Maintenance under Section 125 CrPC (01-09-2021 to 31-08-2026)
B5: Court | C5: Supreme Court of India and High Courts of India
B6: Team name | C6: "Code and Counsel"
B7: GitHub repository link
B8: Member 1 · name and section | C8: Aanya Upadhyay; Section 'D'; prn: 23010422078
B9: Member 2 · name and section | C9: Arya Sanjay Raut; Section 'D'; prn: 23010422093
B10: Member 3 · name and section (if any) | C10: Khyati Sharma; Section 'D'; prn: 23010422109
B11: Member 4 · name and section (if any) | C11: Yash Jalonha; Section 'D'; prn: 23010422150
B12: Date completed (DD-MM-YYYY) | C12: 46325

Sheet Data
A1: Data · one row per judgment
A2: Row 5 is a made-up example. Your judgments start at row 6. Enter 10 to 20 judgments decided between 01-09-2021 and 31-08-2026. See the Option 2 Guide, section 4.
A4: # | B4: Case name | C4: Citation or case number | D4: Date of decision (DD-MM-YYYY) | E4: Year | F4: Bench strength | G4: Type of case | H4: Who brought the case | I4: Outcome | J4: Who won | K4: Main provision | L4: Issue in one line | M4: Holding in one line | N4: Precedent chiefly relied on | O4: Source link (official copy) | P4: Coded by
A5: EX | B5: Example Petitioner v. State of Maharashtra (made-up) | C5: 2024 INSC 000 (made-up) | D5: 15-03-2024 | E5: 2024 | F5: 2 | G5: Criminal appeal | H5: Individual | I5: Allowed | J5: Individual | K5: s 438 CrPC | L5: Whether anticipatory bail can be limited to a fixed period. | M5: Bail granted; protection ordinarily lasts till the end of trial. | N5: Sushila Aggarwal v. State (NCT of Delhi) | O5: https://www.sci.gov.in/judgements/ (made-up) | P5: A. Deshmukh
A6: 1 | B6: Sundar Lal Saini v. Meena Saini | C6: CRL.REV.P 129/2021 | D6: 44509 | E6: 2021 | F6: 1 | G6: Criminal appeal | H6: Individual | I6: Partly allowed | J6: Mixed or unclear | K6: s 125 CrPC | L6: Whether maintenance was properly assessed for wife and children, including an adult son. | M6: court discussed Section 125 relief and parental responsibility for children's education despite majority where financial independence had not been achieved. | N6: Rajnesh v. Neha | O6: https://indiankanoon.org/doc/53119376/ | P6: Research update
A7: 2 | B7: Urvashi Aggarwal & Ors v. Inderpaul Aggarwal | C7: CRL.REV.P 549/2018 | D7: 44474 | E7: 2021 | F7: 1 | G7: Criminal appeal | H7: Individual | I7: Dismissed | J7: Mixed or unclear | K7: s 125 CrPC | L7: Whether the mother could seek contribution to the maintenance and education of a son who had attained majority. | M7: The court held that attaining majority does not automatically absolve a father of responsibility for a child's education where the child remains financially dependant; application dismissed. | N7: Rajnesh v. Neha | O7: https://indiankanoon.org/doc/132505751/ | P7: Research update
A8: 3 | B8: Sumairvijay Chandravijay Singh v. Srmiati Preetika Sumairvijay Singh | C8: R/SCR.A/7843/2018 | D8: 44497 | E8: 2021 | F8: 1 | G8: Criminal appeal | H8: Individual | I8: Other | J8: Mixed or unclear | K8: s 125 CrPC | L8: Whether maintenance granted to wife and children was appropriate. | M8: Court considered the maintenance award in light of the parties circumstances and reffered to the governing principles in Rajnesh v. Neha. | N8: Rajnesh v. Neha | O8: https://indiankanoon.org/doc/174769190/ | P8: Research update
A9: 4 | B9: Amit Sharma v. Shelkka Sharma & Ors. | C9: CRL.REV.P.71/2022 | D9: 44712 | E9: 2022 | F9: 1 | G9: Criminal appeal | H9: Individual | I9: Partly allowed | J9: Mixed or unclear | K9: s 125 CrPC | L9: Whether a revisional court could reassess maintenance and the underlying domestic relationship. | M9: Revisional court should not reappreciate evidence as an appellate court; it should focus on material illegality or irregularity and the threshold relationship relevant to maintenance. | N9: Rajnesh v. Neha | O9: https://indiankanoon.org/doc/62763004/ | P9: Research update
A10: 5 | B10: Sarita Baksshi v. State & Anr. | C10: CRL.REV.P. 792/2018 | D10: 44715 | E10: 2022 | F10: 1 | G10: Criminal appeal | H10: Individual | I10: Other | J10: Mixed or unclear | K10: s 125 CrPC | L10: Whether maintenance was justified under section 125 and how the provision's social-welfare objective applies. | M10: The court explained section 125's object and considered whether the impugned maintenance decsion warranted revisional interferance. | N10: Rajnesh v. Neha | O10: https://indiankanoon.org/doc/62763004/ | P10: Research update
A11: 6 | B11: Babita v. Munna Lal | C11: CRL.REV.P. 1001/2018; 2022/DHC/003778 | D11: 44795 | E11: 2022 | F11: 1 | G11: Criminal appeal | H11: Individual | I11: Other | J11: Mixed or unclear | K11: s 125 CrPC | L11: What ingredients must be proved for mainenance and Section 125(4) disentitles a wife. | M11: The court summarised the statutory requirements, including inability to maintain herself, sufficient means, neglect/refusal and the disqualifications undeer section 125(4) | N11: Rajnesh v. Neha | O11: https://indiankanoon.org/doc/153422334/ | P11: Research update
A12: 7 | B12: Anju Garg v. Deepak Kumar Garg | C12: Supreme Court judgement (2022) | D12: 2022 | E12: 2022 | F12: 2 | G12: Civil appeal | H12: Individual | I12: Other | J12: Mixed or unclear | K12: s 125 CrPC | L12: Whether maintenance should be denied or limited by the wife's capacity to earn and the husband's financial circumstances. | M12: Supreme Court reiterated that a wife's potential earning capacity aone is not the same as actual sufficient income; maintenance mmust be assessed on evidence and relevant circumstances. | N12: Rajnesh v. Neha | O12: https://indiankanoon.org/search/?formInput=Anju%20Garg%20v%20Deepak%20Kumar%20Garg%202022 | P12: Research update
A13: 8 | B13: Chanchal Verma v. Anurag verma | C13: CRL.REV.P.980/2022 | D13: 44824 | E13: 2022 | F13: 1 | G13: Criminal appeal | H13: Individual | I13: Other | J13: Mixed or unclear | K13: s 125 CrPC | L13: What foundation requirements must be established for a wife to obtain maintenance. | M13: The court restated the requirements for marital relationship, inability to maintain herself, sufficient means and negelct/refusal, read purposively as a social-justice remedy. | N13: Vimala v. Veeraswamy; Rajnesh v. Neha | O13: https://indiankanoon.org/doc/149232333/ | P13: Research update
A14: 9 | B14: Roopa Soni v. Kamalnarayan Soni | C14: Supreme Court judgement (2023) | D14: 2023 | E14: 2023 | F14: 2 | G14: Civil appeal | H14: Individual | I14: Allowed | J14: Individual | K14: s 125 CrPC | L14: Whether a divorced wife can seek maintenance and the effect of the statutory definition of “wife” | M14: Supreme Court interpreted Section 125 beneficially and clarified the availability of maintenance to a divorced wife who has not remarried, subject to statutory requirements. | N14: Badshah v. Urmila Badshah Godse; Rajnesh v. Neha | O14: https://indiankanoon.org/search/?formInput=Roopa%20Soni%20v%20Kamalnarayan%20Soni | P14: Research update
A15: 10 | B15: Mohammad Faruq & Ors. v. Salima | C15: RPFC No. 200027/2022; NC:2023:KHC-K:7024 | D15: 45173 | E15: 2023 | F15: 1 | G15: Criminal appeal | H15: Individual | I15: Allowed | J15: Individual | K15: s 125 CrPC | L15: Whether a stepmother can claim maintenance from her stepson under Section 125. | M15: The court held that the term “mother” in Section 125 includes a stepmother; the relevant question is whether the parent is unable to maintain herself. | N15: Text of s 125 CrPC | O15: https://indiankanoon.org/doc/197756255/ | P15: Research update
A16: 11 | B16: Mr. Kunwer Fahmed Alam Ariyana v. Ms. Mamtesh Alam v. Mamtesh | C16: CRL.REV.P. 1334/2024 | D16: 45638 | E16: 2024 | F16: 1 | G16: Criminal appeal | H16: Individual | I16: Other | J16: Mixed or unclear | K16: s 125 CrPC | L16: Whether a wife’s reconversion from Islam disentitles her from maintenance under Section 125. | M16: The court considered whether apostasy/reconversion disentitles a wife from maintenance and examined the award to the wife and minor child. | N16: Shah Bano; relevant Section 125 authorities | O16: https://indiankanoon.org/doc/191893615/ | P16: Research update
A17: 12 | B17: Mohd. Abdul Samad v. State of Telangana | C17: Criminal Appeal No. 2842 of 2024; 2024 INSC 506 | D17: 45483 | E17: 2024 | F17: 2 | G17: Criminal appeal | H17: Individual | I17: Allowed | J17: Individual | K17: s 125 CrPC | L17: Whether a divorced Muslim woman can claim maintenance under Section 125 CrPC despite the 1986 Act. | M17: Supreme Court held that the remedy under Section 125 CrPC remains available to a divorced Muslim woman; the 1986 Act does not extinguish this secular remedy. | N17: Shah Bano; Danial Latifi | O17: https://indiankanoon.org/search/?formInput=Mohd%20Abdul%20Samad%20State%20of%20Telangana%2010%20July%202024 | P17: Research update
... A21: 16 | B21: Rina Kumari/ Rina Devi/ Reena v. Dinesh Kumar Mahto/Dinesh Kumar Mahato | C21: 2025 INSC 55; Criminal Appeal arising from SLP (Crl.) No. 10991 of 2018 | D21: 45667 | E21: 2025 | F21: 2 | G21: Criminal appeal | H21: Individual | I21: Allowed | J21: Individual | K21: s 125 CrPC | L21: Whether a wife’s refusal to comply with a decree for restitution of conjugal rights automatically bars maintenance under Section 125(4). | M21: Supreme Court examined the Section 125(4) bar and the circumstances in which a wife may be denied maintenance; a restitution decree alone does not automatically resolve the statutory inquiry. | N21: Section 125(4) CrPC; prior Section 488 cases | O21: https://indiankanoon.org/search/?formInput=Rina%20Kumari%20Dinesh%20Kumar%20Mahto%2010%20January%202025 | P21: Research update
A22: 17 | B22: Sukhdev Singh v. Sukhbir Kaur | C22: Supreme Court judgment, 12-02-2025 | D22: 12-02-2025 | E22: 2025 | F22: 2 | G22: Civil appeal | H22: Other | I22: Other | J22: Mixed or unclear | K22: s 125 CrPC | L22: Relationship between the summary maintenance remedy and a wife’s separate statutory maintenance remedy. | M22: Supreme Court discussed the summary and efficacious nature of Section 125 proceedings alongside maintenance under the Hindu Adoptions and Maintenance Act; include as related only insofar as the judgment substantively discusses Section 125. | N22: Rajnesh v. Neha | O22: https://indiankanoon.org/search/?formInput=Sukhdev%20Singh%20v%20Sukhbir%20Kaur%2012%20February%202025 | P22: Research update
A23: 18 | B23: Neha Lal v. Abhishek Kumar | C23: Supreme Court judgment, 20-01-2026 | D23: 20-01-2026 | E23: 2026 | F23: 2 | G23: SLP | H23: Other | I23: Other | J23: Mixed or unclear | K23: s 125 CrPC | L23: Whether the Section 125 maintenance dispute and related matrimonial proceedings required further directions. | M23: Supreme Court addressed a maintenance claim filed under Section 125 and the related proceedings; confirm the exact final relief from the full order before coding the outcome. | N23: Rajnesh v. Neha | O23: https://indiankanoon.org/search/?formInput=Neha%20Lal%20Abhishek%20Kumar%2020%20January%202026 | P23: Research update
A24: 19 | B24: Shephali Chakraborty v. State of West Bengal | C24: 2026 INSC 621 | D24: 03-06-2026 | E24: 2026 | F24: 2 | G24: Civil appeal | H24: Other | I24: Other | J24: Mixed or unclear | K24: s 125 CrPC | L24: How the social-welfare purpose of Section 125 compares with other statutory frameworks. | M24: Supreme Court described Section 125 proceedings as an ex ante social-welfare measure intended to prevent destitution and protect the dignity of dependants. | N24: Bhuwan Mohan Singh v. Meena | O24: https://api.sci.gov.in/supremecourt/2025/24523/24523_2025_5_1501_71708_Judgement_03-Jun-2026.pdf | P24: Research update
A25: 20 | B25: Sujata Kumari v. Rahul Kumar | C25: Criminal Appeal (arising out of SLP (Crl.) No. 9661 of 2026) | D25: 20-08-2026 | E25: 2026 | F25: 2 | G25: Criminal appeal | H25: Other | I25: partly allowed | J25: Mixed or unclear | K25: s 125 CrPC | L25: Whether the revisional court could reduce interim maintenance without a proper finding that the original amount was perverse or excessive. | M25: Supreme Court considered limits on interference with interim maintenance and the need for reasons before reducing the amount fixed by the Family Court. | N25: Rajnesh v. Neha | O25: https://indiankanoon.org/search/?formInput=Sujata%20Kumari%20Rahul%20Kumar%2020%20August%202026 | P25: Research update

Sheet Chart counts
A1: Counts for your charts (these update automatically from the Data sheet)
A2: Select a table below, then Insert > Chart in Excel or Google Sheets. Save each chart as PNG.
A4: Year | B4: Judgments
A5: 2021 | B5: =COUNTIF(Data!E$6:E$25,A5) -> 3
A6: 2022 | B6: =COUNTIF(Data!E$6:E$25,A6) -> 5
A7: 2023 | B7: =COUNTIF(Data!E$6:E$25,A7) -> 2
A8: 2024 | B8: =COUNTIF(Data!E$6:E$25,A8) -> 5
A9: 2025 | B9: =COUNTIF(Data!E$6:E$25,A9) -> 2
A10: 2026 | B10: =COUNTIF(Data!E$6:E$25,A10) -> 3
A12: Outcome | B12: Judgments
A13: Allowed | B13: =COUNTIF(Data!I$6:I$25,A13) -> 4
A14: Dismissed | B14: =COUNTIF(Data!I$6:I$25,A14) -> 1
A15: Partly allowed | B15: =COUNTIF(Data!I$6:I$25,A15) -> 3
A16: Other | B16: =COUNTIF(Data!I$6:I$25,A16) -> 12
A18: Who brought the case | B18: Judgments
A19: Individual | B19: =COUNTIF(Data!H$6:H$25,A19) -> 16
A20: Company | B20: =COUNTIF(Data!H$6:H$25,A20) -> 0
A21: State or public body | B21: =COUNTIF(Data!H$6:H$25,A21) -> 0
A22: Association or NGO | B22: =COUNTIF(Data!H$6:H$25,A22) -> 0
A23: Other | B23: =COUNTIF(Data!H$6:H$25,A23) -> 4
A25: Who won | B25: Judgments
A26: Individual | B26: =COUNTIF(Data!J$6:J$25,A26) -> 4
A27: Company | B27: =COUNTIF(Data!J$6:J$25,A27) -> 0
A28: State or public body | B28: =COUNTIF(Data!J$6:J$25,A28) -> 0
A29: Association or NGO | B29: =COUNTIF(Data!J$6:J$25,A29) -> 0
A30: Mixed or unclear | B30: =COUNTIF(Data!J$6:J$25,A30) -> 16
A32: Type of case | B32: Judgments
A33: Writ petition | B33: =COUNTIF(Data!G$6:G$25,A33) -> 0
A34: Civil appeal | B34: =COUNTIF(Data!G$6:G$25,A34) -> 5
A35: Criminal appeal | B35: =COUNTIF(Data!G$6:G$25,A35) -> 13
A36: SLP | B36: =COUNTIF(Data!G$6:G$25,A36) -> 2
A37: Other | B37: =COUNTIF(Data!G$6:G$25,A37) -> 0

Sheet Vocabularies
A1: Lists used by the dropdowns (do not edit)
A2: Type of case | B2: Who brought the case | C2: Outcome | D2: Who won
A3: Writ petition | B3: Individual | C3: Allowed | D3: Individual
A4: Civil appeal | B4: Company | C4: Dismissed | D4: Company
A5: Criminal appeal | B5: State or public body | C5: Partly allowed | D5: State or public body
A6: SLP | B6: Association or NGO | C6: Other | D6: Association or NGO
A7: Other | B7: Other | D7: Mixed or unclear
